group,f1
full,0.20497427101200685
no_llm,0.20754716981132076
no_momentum,0.20840480274442538
no_volatility,0.1946826758147513
no_volume,0.2006861063464837
no_bb,0.20754716981132076
