bull,bear,sideways
0.4077669902912621,0.4423076923076923,0.5121951219512195
