,To S1,To S2,To S3,To S4
From S1,0.6281598444175783,0.18773828004623494,0.10751528582395278,0.07658658971223403
From S2,0.1400554492395849,0.5255729847248284,0.22319929615289608,0.11117226988269066
From S3,0.04131792623814315,0.1636531449516977,0.6010218835171628,0.1940070452929964
From S4,0.11385304406479496,0.06704215370395228,0.23402989973260171,0.585074902498651
