{
    "n_stocks": 18,
    "n_positive": 16,
    "binom_p_value": 0.0006561279296875,
    "avg_sharpe": 1.6800000000000002,
    "std_sharpe": 2.1380780569889812
}