Stock,Acc_Tech,Acc_Tech_LLM,Improvement,P_value
A_sh.600036_招商银行,0.48225806451612907,0.482258064516129,-5.551115123125783e-17,0.9999999999999998
A_sh.600519_贵州茅台,0.5241935483870968,0.5467741935483871,0.022580645161290325,0.21017748917767623
A_sz.300750_宁德时代,0.5290322580645161,0.5419354838709678,0.012903225806451646,0.35418660630684984
US_AAPL_AAPL,0.47741935483870973,0.48548387096774204,0.008064516129032306,0.39288182538232674
A_sh.600887_伊利股份,0.5306451612903226,0.5306451612903227,1.1102230246251565e-16,0.9999999999999996
