Market Type,Accuracy,Sharpe Ratio,Max Drawdown,Stability Score
陡变型,0.5943183093844288,2.414702767751067,-0.13408687381085518,0.3295656309457241
渐进型,0.7032909952586868,2.9229455970785536,-0.06482515309237084,0.6758742345381459
高频型,0.4899582767000059,1.4397536459716198,-0.17142418720122551,0.1428790639938725
低频型,0.6812763340154822,3.0089421239214182,-0.03160679510375869,0.8419660244812066
