,Bull,Bear,Ranging,Transition
Bull,0.0,0.3838269335688148,0.5526903795250719,0.7297562145421665
Bear,0.3838269335688148,0.0,0.3466653671940727,0.49922780042262566
Ranging,0.5526903795250719,0.3466653671940727,0.0,0.30995322984570317
Transition,0.7297562145421665,0.49922780042262566,0.30995322984570317,0.0
