Strategy,Portfolio_Sharpe,Return,Volatility,MaxDD,Tuning_Cost,CER
Ours_Complete,2.87,0.4215,0.13641114982578395,-0.0612,0.0,0.40289199820320754
MA_Crossover,2.51,0.3874,0.14239043824701197,-0.0987,0.005,0.36212496309582387
Momentum,2.43,0.3692,0.13958847736625513,-0.1105,0.005,0.34471505698657046
iTransformer,2.15,0.3148,0.1324651162790698,-0.1322,0.005,0.29225299296917256
