Window Size,F1 Score
30,0.4452759588400374
60,0.40829015544041447
90,0.4444444444444445
120,0.4376899696048632
