对比,t统计量,p值,显著(α=0.05),DM统计量,DM_p值
完整模型 vs 无状态自适应,2.814740447962674,0.011929334717407506,✅,2.814740447962674,0.011929334717407506
完整模型 vs 无波动率目标,-1.9082941523640238,0.07338696068581729,❌,-1.9082941523640238,0.07338696068581729
完整模型 vs 无止损失,-2.3612127139398393,0.03041618048185318,✅,-2.3612127139398393,0.03041618048185318
