stock,f1_gate
A_sz.000001_平安银行,0.42857142857142855
A_sz.300750_宁德时代,0.43545279383429675
A_sh.600519_贵州茅台,0.41159420289855075
