stock,f1_zero_shot
US_AAPL_AAPL,0.23665893271461716
US_MSFT_MSFT,0.25677267373380447
US_NVDA_NVDA,0.40949033391915635
